[
  { 
    "title": "Online Multiplayer Football Game",
    "imageUrl": "/PreviewFootballGame.webp",
    "slug": "football",
    "images": [
      {
        "url": "/PreviewFootballGame.webp",
        "width": 1920,
        "height": 1080,
        "alt": "NotBlox Football",
        "type": "image/webp" 
      } 
    ],
    "websocketPort": 8003,
    "metaDescription": "Multiplayer football game in your browser with your friends. Play soccer on your browser desktop or mobile.",
 "markdown": "## Play Free Online Football with Friends 🏆\n\nExperience fast-paced **browser-based multiplayer soccer** in our simple yet exciting football game! ⚽ Play **free online soccer** directly in your web browser - no downloads required!\n\n### Game Features:\n- 🕹️ **Real-time multiplayer matches** with players worldwide\n- 🔴🔵 Two teams: Red vs Blue - choose your side!\n- 🖥️ Stunning 3D graphics and smooth animations\n- 🎮 Simple controls for instant fun\n   - Keyboard controls for desktop players\n   - Touch controls for mobile gaming\n- 🌐 Browser-based - play anywhere, anytime\n- ⚡ Fast-paced 5-minute matches\n- 🤝 Team-based gameplay for multiplayer fun\n\n### How to Play This Free Browser Soccer Game:\n1. Click **Play Now** to start your match\n2. Choose your team (Red or Blue)\n3. Use:\n   - **Arrow keys** or **WASD** to move (desktop)\n   - **Joystick** on mobile devices\n4. Press **E** to kick the ball\n5. Score goals and have fun!\n\n**Pro Tip:** Pass to teammates and position strategically to win! 🏃‍♂️💨 Master your soccer skills in this free online football game.\n\n### Why Choose Our Online Soccer Game?\n✅ **Free to play** - no hidden costs\n✅ **No downloads** - play instantly in browser\n✅ **Multiplayer action** - play with friends\n✅ **Cross-device compatibility** - desktop & mobile\n✅ **Quick matches** - perfect for short breaks\n\n### System Requirements:\n✅ Any modern browser (Chrome, Firefox, Safari)\n✅ Internet connection\n✅ Keyboard or touch controls\n\n---\n\n### Frequently Asked Questions:\n❓ **Is this online football game really free?**  \nYes! 100% free with no hidden costs - just click and play!\n\n❓ **Can I play soccer online with friends?**  \nAbsolutely! Join the same team or compete against each other in real-time.\n\n❓ **Is this browser soccer game mobile-friendly?**  \nYes! Our web-based football game works perfectly on both desktop and mobile devices.\n\n❓ **What makes this online soccer game unique?**  \nOur game combines simple controls with fast-paced 3D gameplay, making it perfect for quick, fun matches!\n\n[Play Now] and join thousands of players in this exciting free online football game! ⚽" 
 },
    {
      "title": "Obby Online Parkour",
      "imageUrl": "/PreviewObbyGame.webp",
      "slug": "obby",
      "images": [
        {
          "url": "/PreviewObbyGame.webp",
          "width": 1920,
          "height": 1080,
          "alt": "NotBlox Logo",
          "type": "image/webp" 
        } 
      ],
      "websocketPort": 8002,
      "metaDescription": "Play Obby NotBlox Parkour, a fun and challenging multiplayer parkour game. Compete with others to reach the top of the map.",
        "markdown": "## Play Free Online Obby Parkour 🏃‍♂️\n\nJump, run, and climb in our **browser-based 3D multiplayer obby obstacle course**! Play this fun parkour game directly in your browser - no downloads needed!\n\n### Game Features:\n- 🧱 Challenging 3D obstacle course\n- 🌐 Multiplayer browser gameplay\n- 🎮 Simple controls for everyone\n   - **WASD** or **Arrow keys** to move\n   - **Spacebar** to jump\n- 🖥️ Smooth 3D graphics in your browser\n- ⚡ Fast-paced parkour action\n- Roblox like experience\n\n### How to Play:\n1. Click **Play Now** to start\n2. Use:\n   - **WASD** or **Arrow keys** to move\n   - **Spacebar** to jump\n3. Navigate through the obstacle course\n4. Reach the finish line before others!\n\n**Pro Tip:** Time your jumps carefully and use momentum to clear gaps! 🚀\n\n### Why Play Our Browser Parkour Game?\n✅ **Free to play** - no hidden costs\n✅ **No downloads** - play instantly in browser\n✅ **Multiplayer fun** - compete with others\n✅ **Simple controls** - easy to learn\n✅ **3D graphics** - immersive experience\n\n### System Requirements:\n✅ Any modern browser (Chrome, Firefox, Safari)\n✅ Internet connection\n✅ Keyboard controls\n\n---\n\n### Frequently Asked Questions:\n❓ **Is this parkour game free?**  \nYes! 100% free with no hidden costs.\n\n❓ **Can I play with friends?**  \nAbsolutely! Join the same game and compete together.\n\n❓ **Does it work on mobile?**  \nYes! Our browser-based game works on both desktop and mobile devices.\n\n[Play Now] and test your parkour skills! 🏃‍♀️"
    },
    {
      "title": "Pet Simulator",
      "imageUrl": "/PreviewPetSimGame.webp",
      "slug": "pet-simulator",
      "images": [
        {
          "url": "/PreviewPetSimGame.webp",
          "width": 1920,
          "height": 1080,
          "alt": "NotBlox Pet Simulator",
          "type": "image/webp"
        }
      ],
      "websocketPort": 8004,
      "metaDescription": "Play Pet Simulator Online For Free! Collect coins, buy pets, and become the richest player. Multiplayer pet collecting game in your browser.",
      "markdown": "## 🐶 Pet Simulator Online Game | Free Multiplayer Pet Collection Game\n\nPlay **Pet Simulator** - the ultimate free online multiplayer pet collection game! Collect virtual pets, earn coins, and compete with friends in this Roblox-inspired browser game. No downloads required!\n\n**If you loved the engaging mechanics of Pet Simulator 99 on Roblox, you'll find a familiar thrill here! Our game captures the same spirit of pet collecting and adventure, offering a dynamic multiplayer experience that lets you build and upgrade your virtual pet collection in real time.**\n\n## 🎮 Pet Simulator Game Features\n\n- 💰 **Collect Virtual Coins**: Jump through special coin zones to earn in-game currency\n- 🐾 **Adopt Virtual Pets**: Purchase eggs to hatch a variety of pets that boost your earnings\n- 📈 **Pet Collection System**: Build your pet collection with different rarities and increase your earning power\n- 👥 **Multiplayer Gameplay**: Play with friends in real-time browser gameplay\n- 📊 **Live Leaderboards**: Compete to become the richest player\n- 💬 **In-Game Chat**: Socialize with other players while collecting pets\n\n## 🥚 Exciting Egg Hatching System!\n\n**Great News!** Our egg hatching system is here, inspired by Roblox's \"Pet Simulator 99\":\n- 🥚 **Collectible Eggs**: Find and purchase mystery eggs from various shops\n- ✨ **Rare Pets**: Hatch common, uncommon, rare, epic, and legendary pets\n- 🎁 **Hatching Animations**: Experience the thrill of egg opening at the hatching station\n- 🏆 **Pet Rarity System**: Build the ultimate collection of rare pets with unique bonuses\n\n**[Join our Discord community](https://discord.com/invite/kPhgtj49U2) and tell us which pets you want to see in the game!** Your suggestions could become the next legendary pet!\n\n## 🐾 Pet Varieties & Rarities\n\nCollect a wide range of pets, each with unique bonuses based on their rarity:\n- ⚪ **Common Pets** (60% chance): Cat (2 coins), Chick (1 coin), Chicken (3 coins)\n- 🟢 **Uncommon Pets** (25% chance): Dog (5 coins), Pig (4 coins), Sheep (6 coins)\n- 🔵 **Rare Pets** (10% chance): Horse (10 coins), Raccoon (8 coins)\n- 🟣 **Epic Pets** (4% chance): Wolf (15 coins)\n- 🟠 **Legendary Pets** (1% chance): Golden Wolf (30 coins) - the ultimate pet with maximum bonus!\n\nLevel up duplicate pets to increase their bonuses up to level 10, where they can provide up to 25x the base bonus!\n\n## 🥚 Egg Types & Rarity Modifiers\n\nDifferent eggs offer varying chances of hatching rarer pets:\n- 🥚 **Basic Egg** (100 coins): Higher chance for common pets\n- 🥚🟢 **Spotted Egg** (350 coins): Better odds for uncommon and rare pets\n- 🥚✨ **Golden Egg** (1000 coins): Much higher chance for rare and epic pets\n- 🥚💎 **Crystal Egg** (2500 coins): Best chance for epic and legendary pets\n\n## 🌟 Rare Game Events\n\nKeep an eye out for exciting random events that happen every 5 minutes or so:\n- ⭐ **Lucky Star**: Everyone gets a free egg!\n- 💸 **Money Rain**: All players receive 100 bonus coins!\n- 🍀 **Lucky Clover**: Double coin earnings for a short time!\n\nPlus, when someone hatches a legendary pet, the whole server celebrates with a global announcement and 50 bonus coins for everyone!\n\n## 📱 How to Play Pet Simulator Online\n\n### Basic Controls:\n- **WASD** or **Arrow Keys**: Move your character\n- **Spacebar**: Jump to collect coins\n- **E Key**: Interact with Egg Shops or Hatching Station\n\n### Gameplay Steps:\n1. **Collect Coins**: Jump through coin areas to earn virtual currency\n2. **Visit Egg Shops**: Find different egg shops in the game world\n3. **Buy Mystery Eggs**: Eggs range from Basic (100 coins) to Crystal (2500 coins) with varying rarity chances\n4. **Hatch Your Pets**: Head to the Hatching Station to open eggs and discover pets\n5. **Boost Your Earnings**: Each pet provides bonus coins per jump based on rarity and level\n6. **Compete on Leaderboards**: Show off your pet collection and wealth\n\n## 💬 In-Game Commands\n\n- `/help` - Display all available commands\n- `/coins` - Check your current coin balance\n- `/eggs` - Check your egg inventory\n- `/pets` - View your pet collection by rarity\n- `/give <player> <amount>` - Share coins with friends\n- `/stats` - View your game statistics\n- `/code <secretcode>` - Redeem special codes for rewards! Follow our [Discord](https://discord.com/invite/kPhgtj49U2) for exclusive codes\n\n## ✨ Why Choose Our Pet Simulator?\n\n- ✅ **100% Free**: No hidden costs or in-app purchases\n- ✅ **Browser-Based**: Play instantly without downloads\n- ✅ **Cross-Platform**: Works on PC, Mac, and mobile browsers\n- ✅ **Low System Requirements**: Runs smoothly on most devices\n- ✅ **Regular Updates**: New pets and features added regularly\n- ✅ **Kid-Friendly**: Safe gameplay for all ages\n- ✅ **Community-Driven**: Your feedback shapes the game's future\n\n## 🔍 Frequently Asked Questions\n\n### How do I earn more coins in Pet Simulator?\nJump through the special coin zones to collect coins. Each pet you own adds bonus coins to every jump based on its rarity and level, so the more pets you collect, the faster you'll earn!\n\n### What types of pets are available?\nYou can hatch a variety of pets including Cats, Dogs, Horses, Wolves, and even legendary Golden Wolves! Each pet has a rarity level from Common to Legendary with unique bonus effects. Join our [Discord server](https://discord.com/invite/kPhgtj49U2) to suggest new pets!\n\n### Can I play Pet Simulator with friends?\nAbsolutely! Pet Simulator is a multiplayer online game. Join the same server as your friends to play together and compare pet collections.\n\n### Is Pet Simulator free to play?\nYes! Pet Simulator is completely free to play in your browser with no downloads required.\n\n### How does the egg hatching system work?\nPurchase eggs from different shops (Basic, Spotted, Golden, Crystal) with varying costs and rarity chances. Head to the Hatching Station to hatch them and potentially get rare pets. Duplicates level up your existing pets for higher bonuses!\n\n### Are there hack scripts or cheats for Pet Simulator?\nNo, there is no way to hack the game. Our Pet Simulator is designed with secure server-side validation to prevent cheating. We maintain a fair playing environment for everyone, and any attempts to use hacks or scripts will not work and may result in account restrictions. We encourage fair play and earning your pets through gameplay!\n\n**[PLAY PET SIMULATOR NOW]** and start building your virtual pet collection today! 🐔🐶🐱"
    },
    {
      "title": "Test Server",
      "imageUrl": "/PreviewTestGame.webp",
      "images": [
        {
          "url": "/PreviewTestGame.webp",
          "width": 1920,
          "height": 1080,
          "alt": "NotBlox Logo",
          "type": "image/webp" 
        } 
      ],
      "websocketPort": 8001,
      "slug": "test",
      "metaDescription": "This is a test server for development purposes. Feel free to join and test the game.",
      "markdown": "## Development Testing Environment 🔧\n\nWelcome to our **experimental testing zone**! This is where we prototype and improve the game. Expect frequent changes and updates as we test new features.\n\n### What We're Testing:\n- 🚗 **Improved Car Physics**: Smoother handling and realistic driving mechanics\n- 🖼️ **Enhanced Graphics**: Better visuals and performance optimizations\n- 🎮 **New Gamemodes**: Experimental gameplay modes for feedback\n- 🖥️ **UI Improvements**: Redesigned interfaces and controls\n- 🌍 **Dynamic World Changes**: The environment may change frequently during testing\n\n### Important Notes:\n⚠️ **This is a testing environment** - things may break or change unexpectedly!\n⚠️ Progress here **won't carry over** to the main game.\n⚠️ The world and mechanics will evolve as we test new ideas.\n\n### How to Help:\n1. Try out the new features and provide feedback\n\n2. Share your thoughts on new gamemodes and physics\n3. Test on different devices (desktop, mobile, etc.)\n\n### What's Changing:\n- 🚗 Cars: Improved handling, acceleration, and collisions\n- 🌍 World: New layouts, obstacles, and interactive elements\n- 🎮 Gamemodes: Experimental rules and objectives\n- 🖥️ UI: Cleaner menus and better controls\n\n**Pro Tip:** Be patient! Things may feel rough as we experiment and improve.\n\n---\n\n### Why Participate?\n✅ Get early access to new features\n✅ Help shape the future of the game\n✅ Experience cutting-edge changes before anyone else\n\n[Join Testing] and be part of the development process! 👨‍💻"
    } 
  ]